CodigoCliente,CodigoContrato,DataInicio,DataTermino,Fechado,Placa,Cor,Modelo,ValorCombustivel,ValorLocacao,PeriodoTarifa,ValorPeriodoVeiculo,Valordiario 
477,22580,9/25/20 0:00,9/28/20 0:00,Sim,RFM9A47,Branco Banchisa,Gol 1.0 Flex 12v 5p, 0.00, 240.00,1, 80.00, 240.00
1035,22593,9/28/20 0:00,11/26/20 0:00,Sim,QPO8329,Prata,Gol 1.0 Flex 12v 5p, 142.52, 3879.95,30, 1800.00, 129.33
521,22596,9/28/20 0:00,11/18/20 0:00,Sim,QWU1181,Prata,Etios Hb Xls 1.5, 173.06, 3553.40,1, 63.34, 3553.40
1609,22626,10/5/20 0:00,10/8/20 0:00,Sim,PWY8734,Branca,Fiorino Furgão 1.4 Flex, 0.00, 549.99,1, 183.33, 549.99
1881,22628,10/6/20 0:00,10/7/20 0:00,Sim,RFP7J83,Branca,Ka Se 1.0 Ha, 0.00, 100.00,1, 55.56, 100.00
1957,22631,10/6/20 0:00,11/17/20 0:00,Sim,RFP7J72,Branca,Ka Se 1.0 Ha, 0.00, 2450.00,30, 1750.00, 81.67
1958,22633,10/7/20 0:00,10/12/20 0:00,Sim,QQU2455,Prata,Corolla Gli 1.8 Cvt, 0.00, 1650.00,1, 330.00, 1650.00
1959,22636,10/8/20 0:00,10/13/20 0:00,Sim,RFP7J96,Branca,Ka Se 1.0 Ha, 0.00, 500.00,1, 100.00, 500.00
1960,22637,10/8/20 0:00,10/13/20 0:00,Sim,RFP7J83,Branca,Ka Se 1.0 Ha, 0.00, 500.00,1, 100.00, 500.00
1404,22635,10/8/20 0:00,10/9/20 0:00,Sim,RFP7J85,Branca,Ka Se 1.0 Ha, 61.08, 61.10,1, 0.01, 61.10
1961,22638,10/9/20 0:00,10/14/20 0:00,Sim,RFP7J93,Branca,Ka Se 1.0 Ha, 0.00, 500.00,1, 100.00, 500.00
1963,22642,10/9/20 0:00,10/14/20 0:00,Sim,RFP7J90,Branca,Ka Se 1.0 Ha, 0.00, 850.00,1, 100.00, 850.00
1962,22641,10/9/20 0:00,10/13/20 0:00,Sim,RFI4A44,Cinza,Ka Se 1.0 Ha, 0.00, 400.00,1, 100.00, 400.00
839,22646,10/13/20 0:00,11/30/20 0:00,Sim,QXG3475,Branca,Onix 1.0mt Lt Flex Power Sp. Mec., 0.00, 3040.00,30, 1900.00, 101.33
1969,22693,10/15/20 0:00,10/19/20 0:00,Sim,RFP7J81,Branca,Ka Se 1.0 Ha, 0.00, 400.00,1, 100.00, 400.00
1974,22735,10/19/20 0:00,10/23/20 0:00,Sim,RFP7J93,Branca,Ka Se 1.0 Ha, 0.00, 450.00,1, 90.00, 450.00
1963,22766,10/21/20 0:00,11/13/20 0:00,Sim,RFT6C21,Prata Sirius,Gol 1.6 Msi Flex 8v 5p, 0.00, 1820.00,1, 60.00, 1820.00
848,22776,10/21/20 0:00,11/18/20 0:00,Sim,RFT6C10,Prata Sirius,Gol 1.6 Msi Flex 8v 5p, 0.00, 1493.24,1, 53.33, 1493.24
1175,22775,10/21/20 0:00,10/27/20 0:00,Sim,RFT6C24,Prata Sirius,Gol 1.6 Msi Flex 8v 5p, 0.00, 780.00,1, 130.00, 780.00
2082,22806,10/24/20 0:00,10/26/20 0:00,Sim,QOO3920,Prata,Saveiro Robust 1.6 Total Flex 8v, 0.00, 150.00,1, 57.69, 150.00
2015,22840,10/27/20 0:00,10/27/20 0:00,Sim,RFM9A51,Branco,Gol 1.0 Flex 12v 5p, 0.00, 100.00,1, 100.00, 100.00
1541,22885,10/29/20 0:00,11/10/20 0:00,Sim,RFU8B54,Branco,Ka Se 1.0 Ha, 0.00, 760.00,30, 1900.00, 25.33
1780,23648,11/2/20 0:00,12/12/20 0:00,Sim,QOS4685,Preta,Etios Platinum Sed. 1.5 Flex 16v 4p Aut., 0.00, 3866.67,30, 2900.00, 128.89
1780,22899,11/2/20 0:00,11/12/20 0:00,Sim,QQU9615,Preta,Corolla Gli 1.8 Cvt, 0.00, 0.00,30, 4000.00, 0.00
1780,23106,11/2/20 0:00,12/5/20 0:00,Sim,RFX2E24,Branca,Hilux Cd 4x4 2.8 Diesel Mec, 0.00, 0.00,30, 2900.00, 0.00
1583,23001,11/6/20 0:00,11/26/20 0:00,Sim,QUZ7003,Branca,Hb 20 1.0 Unique Flex 12v Mec., 0.00, 1200.00,30, 1734.93, 40.00
1493,22890,11/9/20 0:00,11/26/20 0:00,Sim,QQU2455,Prata,Corolla Gli 1.8 Cvt, 0.00, 3583.37,1, 200.00, 3583.37
848,23159,11/13/20 0:00,11/16/20 0:00,Sim,QQU9615,Preta,Corolla Gli 1.8 Cvt, 0.00, 300.00,1, 100.00, 300.00
1035,23286,11/16/20 0:00,11/17/20 0:00,Sim,RFT6C22,Prata Sirius,Gol 1.6 Msi Flex 8v 5p, 0.00, 96.67,30, 2000.00, 3.22
2089,23198,11/18/20 0:00,11/20/20 0:00,Sim,RFP7J72,Branca,Ka Se 1.0 Ha, 0.00, 200.00,1, 100.00, 200.00
1670,23203,11/18/20 0:00,12/18/20 0:00,Sim,RFQ7H05,Cinza Moscou,Ka Se 1.0 Ha, 0.00, 1650.00,30, 1650.00, 55.00
2091,23255,11/24/20 0:00,12/24/20 0:00,Sim,RFU8B54,Branco,Ka Se 1.0 Ha, 0.00, 1550.00,30, 1550.00, 51.67
2092,23264,11/24/20 0:00,11/26/20 0:00,Sim,RFT6C21,Prata Sirius,Gol 1.6 Msi Flex 8v 5p, 0.00, 400.00,1, 200.00, 400.00
2093,23265,11/25/20 0:00,12/23/20 0:00,Sim,RFT2A86,Cinza Moscou,Ka Se 1.0 Ha, 0.00, 1540.00,30, 1650.00, 51.33
1305,23292,11/27/20 0:00,11/30/20 0:00,Sim,RFQ7H03,Cinza Moscou,Ka Se 1.0 Ha, 0.00, 300.00,1, 100.00, 300.00
1001,23336,11/30/20 0:00,1/23/21 0:00,Sim,QUY5576,Branca,Frontier Se Atx 4, 0.00, 12240.00,30, 6800.00, 408.00
2099,23597,12/3/20 0:00,1/20/21 0:00,Sim,QQU9615,Preta,Corolla Gli 1.8 Cvt, 0.00, 6400.00,30, 3920.00, 213.33
2101,23633,12/4/20 0:00,1/3/21 0:00,Sim,RFT6C14,Prata,Gol 1.6 Msi Flex 8v 5p, 0.00, 1850.00,30, 1850.00, 61.67
2100,23617,12/4/20 0:00,12/9/20 0:00,Sim,RFQ7H03,Cinza Moscou,Ka Se 1.0 Ha, 0.00, 530.00,1, 100.00, 530.00
1305,23637,12/5/20 0:00,12/10/20 0:00,Sim,RFM9A47,Branco Banchisa,Gol 1.0 Flex 12v 5p, 0.00, 500.00,1, 100.00, 500.00
2103,23662,12/7/20 0:00,1/4/21 0:00,Sim,RFP7J90,Branca,Ka Se 1.0 Ha, 0.00, 1540.00,30, 1650.00, 51.33
2102,23647,12/7/20 0:00,1/7/21 0:00,Sim,QWR4067,Prata Sand,Hb 20 1.0 Unique Flex 12v Mec., 0.00, 1650.00,30, 1596.77, 55.00
1488,23663,12/7/20 0:00,1/6/21 0:00,Sim,RFT2A90,Branco,Ka Se 1.0 Ha, 0.00, 1650.00,30, 1650.00, 55.00
2104,23664,12/11/20 0:00,1/11/21 0:00,Sim,RFQ7H03,Cinza Moscou,Ka Se 1.0 Ha, 0.00, 1650.00,30, 1595.00, 55.00
2105,23677,12/11/20 0:00,2/3/21 0:00,Sim,QUZ7003,Branca,Hb 20 1.0 Unique Flex 12v Mec., 0.00, 2880.00,30, 1600.00, 96.00
1268,23673,12/11/20 0:00,1/12/21 0:00,Sim,QWU1064,Prata,Etios Hb Xls 1.5, 0.00, 1500.00,1, 46.87, 1500.00
1476,23687,12/12/20 0:00,12/19/20 0:00,Sim,RFP7J83,Branca,Ka Se 1.0 Ha, 0.00, 730.00,1, 100.00, 730.00
1948,23695,12/14/20 0:00,1/13/21 0:00,Sim,RFI4A56,Branco,Ka Se 1.0 Ha, 0.00, 1600.00,30, 1600.00, 53.33
2107,23720,12/17/20 0:00,1/14/21 0:00,Sim,RFP7J87,Branca,Ka Se 1.0 Ha, 0.00, 1680.00,30, 1650.00, 56.00
1983,23739,12/18/20 0:00,12/21/20 0:00,Sim,RGA5J79,Prata,STRADA ENDURANCE CS 1.4 02, 0.00, 300.00,1, 100.00, 300.00
2110,23744,12/19/20 0:00,1/18/21 0:00,Sim,QWU1181,Prata,Etios Hb Xls 1.5, 0.00, 1800.00,1, 60.00, 1800.00
1961,23741,12/20/20 0:00,1/4/21 0:00,Sim,RMF0A20,Preta,Gol 1.6 Msi Flex 8v 5p, 0.00, 1500.00,1, 100.00, 1500.00
2106,23745,12/21/20 0:00,1/21/21 0:00,Sim,RMF0A22,Cinza,Gol 1.6 Msi Flex 8v 5p, 0.00, 1600.00,30, 1519.80, 53.33
1863,23749,12/21/20 0:00,12/28/20 0:00,Sim,RME6J06,Cinza,Gol 1.6 Msi Flex 8v 5p, 0.00, 910.00,1, 130.00, 910.00
1863,23750,12/21/20 0:00,1/4/21 0:00,Sim,RME6J07,Cinza,Gol 1.6 Msi Flex 8v 5p, 0.00, 1540.00,1, 110.00, 1540.00
2114,23747,12/21/20 0:00,1/20/21 0:00,Sim,RMF0A19,Cinza,Gol 1.6 Msi Flex 8v 5p, 0.00, 1650.00,1, 55.00, 1650.00
2113,23757,12/22/20 0:00,12/28/20 0:00,Sim,RME6J14,Cinza,Gol 1.6 Msi Flex 8v 5p, 0.00, 780.00,1, 130.00, 780.00
1481,23780,12/23/20 0:00,1/12/21 0:00,Sim,QQU2455,Prata,Corolla Gli 1.8 Cvt, 0.00, 3000.00,1, 150.00, 3000.00
2115,23766,12/23/20 0:00,12/28/20 0:00,Sim,RFP7J83,Branca,Ka Se 1.0 Ha, 0.00, 500.00,1, 100.00, 500.00
2117,23786,12/24/20 0:00,1/6/21 0:00,Sim,QWR6983,Cinza,Etios Hb Xls 1.5, 0.00, 1360.00,1, 100.00, 1360.00
2116,23782,12/24/20 0:00,12/28/20 0:00,Sim,RFP7J91,Branca,Ka Se 1.0 Ha, 0.00, 400.00,1, 100.00, 400.00
695,23791,12/29/20 0:00,1/28/21 0:00,Sim,RFU8B54,Branco,Ka Se 1.0 Ha, 0.00, 2190.00,30, 1750.00, 73.00
2118,23828,12/30/20 0:00,12/31/20 0:00,Sim,QWR6984,Cinza,Etios Hb Xls 1.5, 0.00, 0.00,1, 0.00, 0.00
2119,23883,12/31/20 0:00,1/4/21 0:00,Sim,RFP7J83,Branca,Ka Se 1.0 Ha, 0.00, 400.00,1, 100.00, 400.00
520,23885,1/4/21 0:00,2/24/21 0:00,Sim,RME6J07,Cinza,Gol 1.6 Msi Flex 8v 5p, 0.00, 3060.00,30, 1800.00, 102.00
2122,23909,1/6/21 0:00,2/5/21 0:00,Sim,RFP7J90,Branca,Ka Se 1.0 Ha, 0.00, 1650.00,30, 1650.00, 55.00
1488,23910,1/6/21 0:00,2/5/21 0:00,Sim,RFT2A90,Branco,Ka Se 1.0 Ha, 0.00, 1650.00,30, 1650.00, 55.00
2123,23912,1/8/21 0:00,1/11/21 0:00,Sim,RFQ7H08,Cinza Moscou,Ka Se 1.0 Ha, 0.00, 300.00,1, 100.00, 300.00
340,24161,1/18/21 0:00,1/18/21 0:00,Sim,RFP7J87,Branca,Ka Se 1.0 Ha, 0.00, 0.00,1, 100.00, 0.00
340,24162,1/18/21 0:00,1/21/21 0:00,Sim,RFT2A86,Cinza Moscou,Ka Se 1.0 Ha, 0.00, 300.00,1, 100.00, 300.00
2126,24180,1/20/21 0:00,1/29/21 0:00,Sim,QWU1193,Prata,Etios Hb Xls 1.5, 0.00, 1080.00,1, 120.00, 1080.00
2002,23792,1/25/21 0:00,2/26/21 0:00,Sim,QOS4685,Preta,Etios Platinum Sed. 1.5 Flex 16v 4p Aut., 0.00, 2133.33,30, 2000.00, 71.11
1609,24233,1/28/21 0:00,2/1/21 0:00,Sim,RFQ7H08,Cinza Moscou,Ka Se 1.0 Ha, 0.00, 330.00,1, 75.00, 330.00
2129,24246,1/29/21 0:00,2/1/21 0:00,Sim,RFP7J87,Branca,Ka Se 1.0 Ha, 0.00, 300.00,1, 100.00, 300.00
2131,24263,1/29/21 0:00,3/1/21 0:00,Sim,RMF0A19,Cinza,Gol 1.6 Msi Flex 8v 5p, 0.00, 1601.67,30, 1550.00, 53.39
2003,24437,2/4/21 0:00,2/5/21 0:00,Sim,RMI2E40,Prata Bari,STRADA ENDURANCE CS 1.4 02, 0.00, 150.00,1, 150.00, 150.00
1305,24463,2/5/21 0:00,2/10/21 0:00,Sim,RFU8B54,Branco,Ka Se 1.0 Ha, 0.00, 500.00,1, 100.00, 500.00
1806,24509,2/6/21 0:00,2/8/21 0:00,Sim,RFP7J91,Branca,Ka Se 1.0 Ha, 0.00, 200.00,1, 100.00, 200.00
1983,24512,2/8/21 0:00,2/10/21 0:00,Sim,RGA5J81,Prata,STRADA ENDURANCE CS 1.4 02, 0.00, 340.00,1, 170.00, 340.00
2137,24543,2/10/21 0:00,2/11/21 0:00,Sim,RFP7J91,Branca,Ka Se 1.0 Ha, 0.00, 296.65,1, 100.00, 296.65
2138,24568,2/11/21 0:00,2/20/21 0:00,Sim,RFU8B54,Branco,Ka Se 1.0 Ha, 0.00, 840.00,1, 90.00, 840.00
1949,24610,2/12/21 0:00,2/15/21 0:00,Sim,RFT2A86,Cinza Moscou,Ka Se 1.0 Ha, 0.00, 300.00,1, 100.00, 300.00
1035,24668,2/12/21 0:00,2/17/21 0:00,Sim,PPY8018,Branca,Frontier Se Atx 4, 0.00, 0.05,1, 0.01, 0.05
1806,24611,2/12/21 0:00,2/18/21 0:00,Sim,QWR6981,Cinza,Etios Hb Xls 1.5, 0.00, 540.00,1, 90.00, 540.00
2140,24612,2/12/21 0:00,2/15/21 0:00,Sim,RML0C55,Prata,Gol 1.6 Msi Flex 8v 5p, 0.00, 300.00,1, 100.00, 300.00
2139,24571,2/12/21 0:00,2/22/21 0:00,Sim,RFI4A56,Branco,Ka Se 1.0 Ha, 0.00, 900.00,1, 90.00, 900.00
2141,24613,2/13/21 0:00,2/15/21 0:00,Sim,QWU1020,Prata,Etios Hb Xls 1.5, 0.00, 260.00,1, 130.00, 260.00
2144,24653,2/17/21 0:00,3/17/21 0:00,Sim,RFT2A86,Cinza Moscou,Ka Se 1.0 Ha, 0.00, 1500.00,30, 1607.14, 50.00
816,24659,2/18/21 0:00,3/23/21 0:00,Sim,QWU1181,Prata,Etios Hb Xls 1.5, 0.00, 2005.00,30, 1800.00, 66.83
2101,24669,2/19/21 0:00,3/22/21 0:00,Sim,QWU1020,Prata,Etios Hb Xls 1.5, 0.00, 1800.00,30, 1741.94, 60.00
2147,24675,2/20/21 0:00,3/24/21 0:00,Sim,QWR6981,Cinza,Etios Hb Xls 1.5, 0.00, 1813.33,30, 1700.00, 60.44
841,24707,2/22/21 0:00,2/25/21 0:00,Sim,RMF0A17,Prata,Gol 1.6 Msi Flex 8v 5p, 0.00, 330.00,1, 100.00, 330.00
848,24721,2/24/21 0:00,3/1/21 0:00,Sim,RMD5B14,Branco,Toro Endurance Atd4, 0.00, 1500.00,1, 300.00, 1500.00
2082,24969,2/25/21 0:00,2/27/21 0:00,Sim,RMI2E40,Prata Bari,STRADA ENDURANCE CS 1.4 02, 0.00, 150.00,1, 75.00, 150.00
2003,25066,3/5/21 0:00,3/8/21 0:00,Sim,RMI2E40,Prata Bari,STRADA ENDURANCE CS 1.4 02, 0.00, 450.00,1, 150.00, 450.00
2152,25128,3/22/21 0:00,3/23/21 0:00,Sim,RMO6H51,Prata,Ka Se 1.0 Ha, 0.00, 141.65,1, 100.00, 141.65
2152,25155,3/24/21 0:00,3/25/21 0:00,Sim,RMO6H51,Prata,Ka Se 1.0 Ha, 0.00, 100.00,1, 100.00, 100.00
2153,25158,3/25/21 0:00,3/29/21 0:00,Sim,RFL9E65,Prata Bari,STRADA ENDURANCE CS 1.4 02, 0.00, 480.00,1, 120.00, 480.00
2003,25515,4/9/21 0:00,4/12/21 0:00,Sim,QUB0453,Prata,Saveiro Robust 1.6 Total Flex 8v, 0.00, 390.00,1, 130.00, 390.00
1983,25520,4/12/21 0:00,4/17/21 0:00,Sim,QUZ7004,Branca,Hb 20 1.0 Unique Flex 12v Mec., 0.00, 530.00,1, 100.00, 530.00
1541,25665,4/19/21 0:00,4/22/21 0:00,Sim,RMI3G07,Prata,L200 Triton Outd Gls D, 0.00, 1500.00,1, 500.00, 1500.00
2159,25573,4/20/21 0:00,4/23/21 0:00,Sim,RFI4A35,Prata,Ka Se 1.0 Ha, 0.00, 370.00,1, 120.00, 370.00
2160,25631,4/23/21 0:00,4/26/21 0:00,Sim,RMI3G08,Branca,L200 Triton Outd Gls D, 0.00, 1500.00,1, 500.00, 1500.00
848,25677,4/27/21 0:00,5/3/21 0:00,Sim,QQZ9779,Branca,Frontier Se Atx 4, 0.00, 1800.00,1, 300.00, 1800.00
2113,25886,4/30/21 0:00,5/3/21 0:00,Sim,QWU1035,Cinza,Etios Hb Xls 1.5, 0.00, 420.00,1, 130.00, 420.00
2164,26002,5/7/21 0:00,5/10/21 0:00,Sim,QWR4070,Branca,Hb 20 1.0 Unique Flex 12v Mec., 0.00, 300.00,1, 100.00, 300.00
586,26009,5/8/21 0:00,5/10/21 0:00,Sim,RFT2A90,Branco,Ka Se 1.0 Ha, 0.00, 240.00,1, 120.00, 240.00
883,26433,5/12/21 0:00,5/27/21 0:00,Sim,RFY6A91,Branca,Hilux Cd 4x4 2.8 Diesel Mec, 0.00, 3550.00,1, 220.00, 3550.00
1949,26081,5/21/21 0:00,5/24/21 0:00,Sim,QWU1035,Cinza,Etios Hb Xls 1.5, 0.00, 330.00,1, 110.00, 330.00
1983,26150,5/25/21 0:00,5/26/21 0:00,Sim,RMY0E62,Prata,VOYAGE 1.6 L MB5, 0.00, 140.00,1, 110.00, 140.00
2172,26157,5/27/21 0:00,6/26/21 0:00,Sim,QQU9615,Preta,Corolla Gli 1.8 Cvt, 0.00, 4900.20,1, 163.34, 4900.20
2138,26160,5/28/21 0:00,7/3/21 0:00,Sim,RFI4A56,Branco,Ka Se 1.0 Ha, 149.27, 2073.47,1, 53.45, 2073.47
2173,26182,5/28/21 0:00,6/2/21 0:00,Sim,RMY0E57,Prata,VOYAGE 1.6 L MB5, 0.00, 600.00,1, 120.00, 600.00
848,26435,6/4/21 0:00,6/7/21 0:00,Sim,QWU1185,Cinza,Etios Hb Xls 1.5, 220.66, 700.66,1, 150.00, 700.66
2175,26442,6/7/21 0:00,6/25/21 0:00,Sim,RMY0E59,Preta,VOYAGE 1.6 L MB5, 188.21, 2218.21,1, 90.00, 2218.21
1961,26472,6/15/21 0:00,7/17/21 0:00,Sim,RFM9A43,Branco,Gol 1.0 Flex 12v 5p, 0.00, 1866.67,30, 1750.00, 62.22
1983,26489,6/17/21 0:00,6/26/21 0:00,Sim,QWU1064,Prata,Etios Hb Xls 1.5, 0.00, 900.00,1, 100.00, 900.00
848,26560,6/22/21 0:00,6/26/21 0:00,Sim,RMV8D72,Prata,Hilux Cd 4x4 2.8 Diesel Mec, 0.00, 1200.00,1, 300.00, 1200.00
1983,26574,6/24/21 0:00,6/26/21 0:00,Sim,RGA5J84,Prata,STRADA ENDURANCE CS 1.4 02, 0.00, 900.00,1, 140.00, 900.00
335,26591,6/24/21 0:00,6/30/21 0:00,Sim,QOV1080,Preto,Renegade Lngtd At D, 0.00, 1950.00,1, 300.00, 1950.00
1949,26586,6/25/21 0:00,6/25/21 0:00,Sim,RFM9A24,Branco,Gol 1.0 Flex 12v 5p, 0.00, 0.00,1, 110.00, 0.00
1949,26606,6/25/21 0:00,6/28/21 0:00,Sim,RMF0A24,Prata,Gol 1.6 Msi Flex 8v 5p, 0.00, 330.00,1, 110.00, 330.00
2181,26877,7/1/21 0:00,7/15/21 0:00,Sim,QWU1054,Prata,Etios Hb Xls 1.5, 0.00, 1560.00,1, 90.00, 1560.00
2183,26902,7/5/21 0:00,7/7/21 0:00,Sim,RMV8D70,Prata,Hilux Cd 4x4 2.8 Diesel Mec, 0.00, 1800.00,1, 600.00, 1800.00
1983,26915,7/7/21 0:00,7/8/21 0:00,Sim,RGA5J84,Prata,STRADA ENDURANCE CS 1.4 02, 0.00, 140.00,1, 140.00, 140.00
2186,26921,7/8/21 0:00,7/9/21 0:00,Sim,RMY0E61,Prata,VOYAGE 1.6 L MB5, 0.00, 110.00,1, 110.00, 110.00
1196,26947,7/14/21 0:00,7/15/21 0:00,Sim,QOS4685,Preta,Etios Platinum Sed. 1.5 Flex 16v 4p Aut., 0.00, 140.00,1, 140.00, 140.00
1780,26948,7/14/21 0:00,8/2/21 0:00,Sim,QUK9837,Branca,Versa 16 Sv Cvt, 0.00, 1140.00,30, 1800.00, 38.00
2189,26951,7/15/21 0:00,7/22/21 0:00,Sim,RMZ2I76,Prata,Hilux Cd 4x4 2.8 Diesel Mec, 0.00, 4200.00,1, 600.00, 4200.00
1676,26959,7/16/21 0:00,7/19/21 0:00,Sim,RMF0A24,Prata,Gol 1.6 Msi Flex 8v 5p, 0.00, 320.01,1, 106.67, 320.01
2139,26961,7/16/21 0:00,7/19/21 0:00,Sim,RME6J16,Prata,Gol 1.6 Msi Flex 8v 5p, 0.00, 300.00,1, 100.00, 300.00
1949,26968,7/17/21 0:00,7/19/21 0:00,Sim,QWU1054,Prata,Etios Hb Xls 1.5, 0.00, 200.00,1, 100.00, 200.00
2183,26969,7/19/21 0:00,7/22/21 0:00,Sim,RMZ2I77,Prata,Hilux Cd 4x4 2.8 Diesel Mec, 0.00, 1650.00,1, 550.00, 1650.00
1087,26909,7/19/21 0:00,8/22/21 0:00,Sim,QQU2455,Prata,Corolla Gli 1.8 Cvt, 0.00, 4760.00,30, 4200.00, 158.67
1392,27044,7/21/21 0:00,7/22/21 0:00,Sim,QWU1035,Cinza,Etios Hb Xls 1.5, 0.00, 0.00,1, 110.00, 0.00
1392,27047,7/21/21 0:00,7/24/21 0:00,Sim,RMF0A23,Cinza,Gol 1.6 Msi Flex 8v 5p, 32.45, 329.99,1, 99.18, 329.99
2181,27045,7/21/21 0:00,7/23/21 0:00,Sim,QWU1054,Prata,Etios Hb Xls 1.5, 0.00, 180.00,1, 90.00, 180.00
1885,27046,7/21/21 0:00,8/29/21 0:00,Sim,PPY8018,Branca,Frontier Se Atx 4, 0.00, 9000.00,1, 230.00, 9000.00
848,27055,7/22/21 0:00,7/27/21 0:00,Sim,QQZ9779,Branca,Frontier Se Atx 4, 0.00, 1500.00,1, 300.00, 1500.00
2192,27048,7/22/21 0:00,8/23/21 0:00,Sim,QWU1035,Cinza,Etios Hb Xls 1.5, 0.00, 2000.00,1, 62.50, 2000.00
2193,27935,7/22/21 0:00,9/19/21 0:00,Sim,QWU1035,Cinza,Etios Hb Xls 1.5, 0.00,3190.04,1, 53.56,3190.04
2193,27059,7/22/21 0:00,8/18/21 0:00,Sim,QWU1185,Cinza,Etios Hb Xls 1.5, 0.00, 0.00,1, 60.00, 0.00
2193,27532,7/22/21 0:00,8/28/21 0:00,Sim,QXG3483,Prata,Onix 1.0mt Lt Flex Power Sp. Mec., 0.00, 0.00,1, 60.00, 0.00
2003,27065,7/24/21 0:00,7/26/21 0:00,Sim,QQZ5251,Prata,Saveiro Robust 1.6 Total Flex 8v, 0.00, 150.00,1, 75.00, 150.00
1305,27066,7/24/21 0:00,8/2/21 0:00,Sim,QOS4685,Preta,Etios Platinum Sed. 1.5 Flex 16v 4p Aut., 0.00, 900.00,1, 100.00, 900.00
2195,27067,7/25/21 0:00,9/4/21 0:00,Sim,QWU1181,Prata,Etios Hb Xls 1.5, 0.00, 2460.00,1, 60.00, 2460.00
1676,27068,7/26/21 0:00,8/2/21 0:00,Sim,RNH0B03,Branco Banchisa,Strada Freedom 1.3 Flex 8v Cs Plus, 0.00, 1100.00,1, 157.14, 1100.00
2196,27081,7/26/21 0:00,7/26/21 0:00,Sim,RFT8C61,Prata Sirius,Gol 1.6 Msi Flex 8v 5p, 0.00, 100.00,1, 100.00, 100.00
2201,27091,7/27/21 0:00,7/28/21 0:00,Sim,RMD5B14,Branco,Toro Endurance Atd4, 0.00, 400.00,1, 400.00, 400.00
1885,27039,7/28/21 0:00,8/19/21 0:00,Sim,RFF0F28,Prata Sirius,VOYAGE 1.6 L MB5, 0.00, 1320.00,1, 60.00, 1320.00
1885,27043,7/28/21 0:00,8/22/21 0:00,Sim,RMY0E57,Prata,VOYAGE 1.6 L MB5, 0.00, 1500.00,1, 60.00, 1500.00
2204,27168,7/30/21 0:00,8/31/21 0:00,Sim,RNH0B00,Branco Banchisa,Strada Freedom 1.3 Flex 8v Cs Plus, 0.00, 2762.67,30, 2590.00, 92.09
1983,27340,8/2/21 0:00,9/1/21 0:00,Sim,RME6J17,Prata,Gol 1.6 Msi Flex 8v 5p, 0.00, 1700.00,30, 1700.00, 56.67
2181,27477,8/4/21 0:00,8/6/21 0:00,Sim,RMY0E61,Prata,VOYAGE 1.6 L MB5, 0.00, 220.00,1, 110.00, 220.00
2182,27485,8/5/21 0:00,8/12/21 0:00,Sim,QOV1080,Preto,Renegade Lngtd At D, 0.00, 2100.00,1, 300.00, 2100.00
2208,27486,8/6/21 0:00,8/7/21 0:00,Sim,QWU1064,Prata,Etios Hb Xls 1.5, 0.00, 0.00,1, 100.00, 0.00
2208,27488,8/6/21 0:00,8/21/21 0:00,Sim,RMY0E61,Prata,VOYAGE 1.6 L MB5, 0.00, 1600.00,1, 100.00, 1600.00
2209,27487,8/7/21 0:00,8/9/21 0:00,Sim,QQZ9775,Branca,Frontier Sccd 4x4 2.3 Tb Diesel Mec., 0.00, 800.00,1, 400.00, 800.00
586,27489,8/7/21 0:00,8/9/21 0:00,Sim,QWU1064,Prata,Etios Hb Xls 1.5, 0.00, 220.00,1, 110.00, 220.00
1541,27512,8/12/21 0:00,8/16/21 0:00,Sim,QXG3483,Prata,Onix 1.0mt Lt Flex Power Sp. Mec., 0.00, 500.00,1, 110.00, 500.00
1037,27511,8/12/21 0:00,8/13/21 0:00,Sim,QUK9837,Branca,Versa 16 Sv Cvt, 0.00, 120.00,1, 120.00, 120.00
2213,27515,8/13/21 0:00,8/19/21 0:00,Sim,RMZ2I76,Prata,Hilux Cd 4x4 2.8 Diesel Mec, 0.00, 2850.00,1, 475.00, 2850.00
2214,27528,8/16/21 0:00,8/17/21 0:00,Sim,RNH0B04,Branco Banchisa,Strada Freedom 1.3 Flex 8v Cs Plus, 0.00, 220.00,1, 220.00, 220.00
1983,27547,8/20/21 0:00,8/21/21 0:00,Sim,RNH0B03,Branco Banchisa,Strada Freedom 1.3 Flex 8v Cs Plus, 0.00, 140.00,1, 140.00, 140.00
2015,27942,8/23/21 0:00,10/8/21 0:00,Sim,QWU1193,Prata,Etios Hb Xls 1.5, 0.00, 3458.00,30, 2000.00, 115.27
2015,27601,8/23/21 0:00,9/8/21 0:00,Sim,RMY0E57,Prata,VOYAGE 1.6 L MB5, 0.00, 0.00,30, 2000.00, 0.00
1806,27612,8/26/21 0:00,8/30/21 0:00,Sim,QOS4685,Preta,Etios Platinum Sed. 1.5 Flex 16v 4p Aut., 0.00, 560.00,1, 140.00, 560.00
1268,27618,8/26/21 0:00,9/19/21 0:00,Sim,RMY0E61,Prata,VOYAGE 1.6 L MB5, 90.86, 1440.86,1, 55.00, 1440.86
848,27626,8/27/21 0:00,8/30/21 0:00,Sim,QOV1080,Preto,Renegade Lngtd At D, 0.00, 900.00,1, 300.00, 900.00
2220,27621,8/27/21 0:00,9/2/21 0:00,Sim,QUK9837,Branca,Versa 16 Sv Cvt, 0.00, 840.00,1, 140.00, 840.00
2222,27643,8/30/21 0:00,9/30/21 0:00,Sim,QQU2455,Prata,Corolla Gli 1.8 Cvt, 0.00, 4900.00,1, 158.06, 4900.00
848,27927,9/3/21 0:00,9/8/21 0:00,Sim,PPY8018,Branca,Frontier Se Atx 4, 0.00, 1500.00,1, 300.00, 1500.00
1332,27951,9/11/21 0:00,9/15/21 0:00,Sim,RMY0A62,Cinza,Voyage 1.6 Af5, 0.00, 800.00,1, 200.00, 800.00
1145,27949,9/11/21 0:00,9/13/21 0:00,Sim,QOS4685,Preta,Etios Platinum Sed. 1.5 Flex 16v 4p Aut., 0.00, 200.00,1, 100.00, 200.00
2220,27952,9/13/21 0:00,9/16/21 0:00,Sim,QUK9837,Branca,Versa 16 Sv Cvt, 0.00, 420.00,1, 140.00, 420.00
1541,27959,9/13/21 0:00,9/15/21 0:00,Sim,QNF9536,Prata,Versa Sl 1.6 16v Flexstart 4p Aut., 0.00, 310.00,1, 155.00, 310.00
335,28001,9/16/21 0:00,9/17/21 0:00,Sim,QUK9837,Branca,Versa 16 Sv Cvt, 38.94, 248.94,1, 180.00, 248.94
2226,28065,9/21/21 0:00,10/21/21 0:00,Sim,RNH0B02,Branco Banchisa,Strada Freedom 1.3 Flex 8v Cs Plus, 0.00, 2400.00,30, 2400.00, 80.00
1635,28071,9/22/21 0:00,11/17/21 0:00,Sim,QWU1035,Cinza,Etios Hb Xls 1.5, 0.00, 3360.00,30, 1800.00, 112.00
2227,28084,9/25/21 0:00,10/4/21 0:00,Sim,RFF0F28,Prata Sirius,VOYAGE 1.6 L MB5, 0.00, 1260.00,1, 140.00, 1260.00
1983,28114,9/28/21 0:00,9/29/21 0:00,Sim,RNH0B04,Branco Banchisa,Strada Freedom 1.3 Flex 8v Cs Plus, 0.00, 170.00,1, 170.00, 170.00
2182,28119,9/29/21 0:00,10/15/21 0:00,Sim,PPY8018,Branca,Frontier Se Atx 4, 0.00, 0.00,1, 500.00, 0.00
2182,28569,9/29/21 0:00,10/26/21 0:00,Sim,PPY8018,Branca,Frontier Se Atx 4, 0.00, 0.00,1, 500.00, 0.00
2182,28458,9/29/21 0:00,10/21/21 0:00,Sim,RNW0B48,Branca,Frontier Sccd 4x4 2.3 Tb Diesel Mec., 0.00, 0.00,1, 500.00, 0.00
2182,28573,9/29/21 0:00,10/31/21 0:00,Sim,RNW0B48,Branca,Frontier Sccd 4x4 2.3 Tb Diesel Mec., 0.00, 7500.00,1, 234.37, 7500.00
2229,28381,10/1/21 0:00,10/2/21 0:00,Sim,RNH0B04,Branco Banchisa,Strada Freedom 1.3 Flex 8v Cs Plus, 0.00, 250.00,1, 250.00, 250.00
2228,28403,10/2/21 0:00,10/9/21 0:00,Sim,QXS3A06,Cinza,Spin Primier 1.8 8v Econo.Flex 5p Mec, 0.00, 1750.00,1, 250.00, 1750.00
1983,28406,10/4/21 0:00,10/8/21 0:00,Sim,RNH0B04,Branco Banchisa,Strada Freedom 1.3 Flex 8v Cs Plus, 0.00, 560.00,1, 140.00, 560.00
2181,28412,10/4/21 0:00,10/6/21 0:00,Sim,RFF0F28,Prata Sirius,VOYAGE 1.6 L MB5, 0.00, 220.00,1, 110.00, 220.00
2230,28429,10/6/21 0:00,11/1/21 0:00,Sim,RNW9D80,Cinza,Gol 1.6 Msi Flex 8v 5p, 0.00, 1820.00,30, 2100.00, 60.67
1948,28435,10/8/21 0:00,10/13/21 0:00,Sim,RFF0F38,Prata Sirius,VOYAGE 1.6 L MB5, 0.00, 500.00,1, 100.00, 500.00
1676,28468,10/18/21 0:00,10/21/21 0:00,Sim,RNX9E92,Prata,Gol 1.6 Msi Flex 8v 5p, 0.00, 360.00,1, 110.00, 360.00
841,28464,10/18/21 0:00,10/21/21 0:00,Sim,RME6J17,Prata,Gol 1.6 Msi Flex 8v 5p, 0.00, 300.00,1, 100.00, 300.00
1983,28568,10/18/21 0:00,11/17/21 0:00,Sim,RNH0B01,Branco Banchisa,Strada Freedom 1.3 Flex 8v Cs Plus, 0.00, 2600.00,30, 2600.00, 86.67
1983,28470,10/18/21 0:00,10/21/21 0:00,Sim,RNH0B04,Branco Banchisa,Strada Freedom 1.3 Flex 8v Cs Plus, 0.00, 0.00,1, 140.00, 0.00
537,28642,10/29/21 0:00,11/17/21 0:00,Sim,QOM8381,Branca,Fiorino Hard Working, 0.00, 0.00,30, 1800.00, 0.00
537,28987,10/29/21 0:00,11/30/21 0:00,Sim,RFX5E14,Branca,STRADA ENDURANCE CS 1.4 02, 97.35, 2017.35,30, 1800.00, 67.25
2140,28699,10/29/21 0:00,11/3/21 0:00,Sim,RNZ4D02,Cinza,Gol (novo) 1.0 Mi Total Flex 8v 4p, 0.00, 500.00,1, 100.00, 500.00
2235,28696,10/29/21 0:00,11/3/21 0:00,Sim,RNZ4C93,Cinza,Gol (novo) 1.0 Mi Total Flex 8v 4p, 0.00, 650.00,1, 130.00, 650.00
115,28916,11/3/21 0:00,12/20/21 0:00,Sim,QNF9536,Prata,Versa Sl 1.6 16v Flexstart 4p Aut., 233.64, 4181.64,1, 84.00, 4181.64
1723,28934,11/4/21 0:00,11/5/21 0:00,Sim,RNZ4D02,Cinza,Gol (novo) 1.0 Mi Total Flex 8v 4p, 0.00, 100.00,1, 100.00, 100.00
1863,28936,11/5/21 0:00,11/8/21 0:00,Sim,RNZ4D02,Cinza,Gol (novo) 1.0 Mi Total Flex 8v 4p, 0.00, 300.00,1, 100.00, 300.00
2116,28937,11/6/21 0:00,11/8/21 0:00,Sim,RTB7G39,Prata Sirius,Gol G7 1.6 Completo Trend Line, 0.00, 290.00,1, 130.00, 290.00
848,28957,11/11/21 0:00,11/16/21 0:00,Sim,RFT6C18,Branco,Hilux Cd 4x4 2.8 Diesel Mec, 0.00, 2000.00,1, 400.00, 2000.00
2239,28961,11/12/21 0:00,11/18/21 0:00,Sim,QWR6981,Cinza,Etios Hb Xls 1.5, 0.00, 840.00,1, 140.00, 840.00
2241,29001,11/19/21 0:00,11/22/21 0:00,Sim,RTC9D83,Cinza,Gol G7 1.6 Completo Trend Line, 0.00, 510.00,1, 170.00, 510.00
2015,29069,11/24/21 0:00,11/27/21 0:00,Sim,RTC9D83,Cinza,Gol G7 1.6 Completo Trend Line, 0.00, 510.00,1, 160.00, 510.00
2241,29083,11/26/21 0:00,11/29/21 0:00,Sim,RTC9D82,Cinza,Gol G7 1.6 Completo Trend Line, 0.00, 420.00,1, 140.00, 420.00
2245,29097,11/29/21 0:00,11/30/21 0:00,Sim,RNH0B04,Branco Banchisa,Strada Freedom 1.3 Flex 8v Cs Plus, 0.00, 170.00,1, 170.00, 170.00
2242,29004,11/29/21 0:00,1/6/22 0:00,Sim,QXS2F86,Branca,Hilux Cd Srva 4fd , 0.00, 11596.54,1, 293.33, 11596.54
1924,29230,11/30/21 0:00,12/1/21 0:00,Sim,RNZ4C99,Prata Sirius,Gol (novo) 1.0 Mi Total Flex 8v 4p, 0.00, 160.00,1, 160.00, 160.00
2246,29353,12/1/21 0:00,12/23/21 0:00,Sim,RNZ4C99,Prata Sirius,Gol (novo) 1.0 Mi Total Flex 8v 4p, 356.95, 2190.00,30, 2190.00, 73.00
1541,29352,12/1/21 0:00,12/3/21 0:00,Sim,RTB7G39,Prata Sirius,Gol G7 1.6 Completo Trend Line, 0.00, 410.00,1, 190.00, 410.00
2248,29366,12/3/21 0:00,1/3/22 0:00,Sim,RTC9D83,Cinza,Gol G7 1.6 Completo Trend Line, 0.00, 2469.67,30, 2390.00, 82.32
1949,29368,12/4/21 0:00,12/6/21 0:00,Sim,RNZ4C96,Cinza,Gol 1.0 Flex 12v 5p, 0.00, 310.00,1, 140.00, 310.00
2247,29406,12/7/21 0:00,1/10/22 0:00,Sim,RTC9D79,Prata Sirius,Gol G7 1.6 Completo Trend Line, 0.00, 2676.82,1, 78.73, 2676.82
2046,29400,12/7/21 0:00,12/14/21 0:00,Sim,RMV8D75,Prata,Hilux Cd 4x4 2.8 Diesel Mec, 0.00, 2600.00,1, 300.00, 2600.00
1242,29419,12/10/21 0:00,12/17/21 0:00,Sim,QUQ9666,Branca,Doblo Essence 1.8 Flex 16v 5p, 0.00, 1820.00,1, 260.00, 1820.00
1987,29430,12/11/21 0:00,2/2/22 0:00,Sim,RNW9D80,Cinza,Gol 1.6 Msi Flex 8v 5p, 0.00, 3180.00,1, 60.00, 3180.00
1989,29431,12/12/21 0:00,1/31/22 0:00,Sim,RMR5I59,Branca,Kicks Sense 1.6v Flex. Aut, 201.19, 8201.19,1, 160.00, 8201.19
1806,29472,12/14/21 0:00,12/16/21 0:00,Sim,QXD1031,Cinza,Etios Platinum Sed. 1.5 Flex 16v 4p Aut., 0.00, 220.00,1, 110.00, 220.00
1305,29486,12/15/21 0:00,1/12/22 0:00,Sim,RFI4A44,Cinza,Ka Se 1.0 Ha, 0.00, 1586.67,30, 1700.00, 52.89
1541,29546,12/16/21 0:00,12/18/21 0:00,Sim,RMF0A21,Cinza,Gol 1.6 Msi Flex 8v 5p, 0.00, 460.00,1, 190.00, 460.00
2253,29516,12/18/21 0:00,1/4/22 0:00,Sim,RFI4A41,Cinza,Ka Se 1.0 Ha, 0.00, 1700.00,1, 100.00, 1700.00
2255,29512,12/18/21 0:00,1/27/22 0:00,Sim,RTI3A48,Cinza,Gol 1.6 Msi Flex 8v 5p, 0.00, 2766.67,30, 1800.00, 92.22
2256,29521,12/18/21 0:00,1/17/22 0:00,Sim,QWU1064,Prata,Etios Hb Xls 1.5, 0.00, 2100.00,30, 2100.00, 70.00
994,29511,12/20/21 0:00,1/16/22 0:00,Sim,RFT6C18,Branco,Hilux Cd 4x4 2.8 Diesel Mec, 0.00, 7650.00,30, 8500.00, 255.00
2113,29543,12/20/21 0:00,12/27/21 0:00,Sim,RTI9F96,Cinza,Gol 1.6 Msi Flex 8v 5p, 0.00, 1150.00,1, 160.00, 1150.00
1774,29509,12/21/21 0:00,1/25/22 0:00,Sim,QXS3A06,Cinza,Spin Primier 1.8 8v Econo.Flex 5p Mec, 0.00, 3500.00,30, 3000.00, 116.67
2258,29573,12/21/21 0:00,1/18/22 0:00,Sim,RTI3A47,Cinza,Gol 1.6 Msi Flex 8v 5p, 0.00, 2800.00,30, 3000.00, 93.33
2260,29582,12/22/21 0:00,1/3/22 0:00,Sim,QWU1020,Prata,Etios Hb Xls 1.5, 0.00, 820.00,30, 2050.00, 27.33
2262,29584,12/22/21 0:00,12/30/21 0:00,Sim,RTI3A46,Cinza,Gol 1.6 Msi Flex 8v 5p, 0.00, 1280.00,1, 160.00, 1280.00
2264,29588,12/22/21 0:00,1/11/22 0:00,Sim,RTC9D80,Cinza,Gol G7 1.6 Completo Trend Line, 0.00, 1696.67,30, 2500.00, 56.56
2261,29589,12/22/21 0:00,12/29/21 0:00,Sim,RTI3A45,Cinza,Gol 1.6 Msi Flex 8v 5p, 0.00, 1120.00,1, 160.00, 1120.00
2263,29585,12/22/21 0:00,1/5/22 0:00,Sim,RMF0A23,Cinza,Gol 1.6 Msi Flex 8v 5p, 0.00, 2240.00,1, 160.00, 2240.00
2104,29601,12/23/21 0:00,1/24/22 0:00,Sim,RFF0F38,Prata Sirius,VOYAGE 1.6 L MB5, 0.00, 2400.00,30, 2240.00, 80.00
2268,29603,12/23/21 0:00,1/3/22 0:00,Sim,RTI9F89,Prata,Spin Primier 1.8 8v Econo.Flex 5p Mec, 0.00,1830.04,1, 163.64,1830.04
586,29604,12/23/21 0:00,12/27/21 0:00,Sim,RME6J15,Prata,Gol 1.6 Msi Flex 8v 5p, 0.00, 480.00,1, 120.00, 480.00
2259,29574,12/23/21 0:00,1/24/22 0:00,Sim,RMY0E60,Prata,VOYAGE 1.6 L MB5, 0.00, 2490.00,1, 77.81, 2490.00
2266,29596,12/23/21 0:00,1/15/22 0:00,Sim,QWU1185,Cinza,Etios Hb Xls 1.5, 83.49, 1731.49,1, 70.00, 1731.49
2265,29595,12/23/21 0:00,12/27/21 0:00,Sim,RFI4A48,Branco,Ka Se 1.0 Ha, 0.00, 510.00,1, 120.00, 510.00
2241,29602,12/23/21 0:00,1/3/22 0:00,Sim,RMF0A20,Preta,Gol 1.6 Msi Flex 8v 5p, 0.00, 1320.00,1, 120.00, 1320.00
2116,29597,12/23/21 0:00,12/27/21 0:00,Sim,RFI4A56,Branco,Ka Se 1.0 Ha, 0.00, 560.00,1, 120.00, 560.00
2257,29572,12/26/21 0:00,1/10/22 0:00,Sim,QQU9615,Preta,Corolla Gli 1.8 Cvt, 0.00, 3900.00,1, 260.00, 3900.00
2269,29619,12/27/21 0:00,1/6/22 0:00,Sim,RNZ4C99,Prata Sirius,Gol (novo) 1.0 Mi Total Flex 8v 4p, 0.00, 1600.00,1, 160.00, 1600.00
2252,29607,12/27/21 0:00,1/3/22 0:00,Sim,RTI9F68,Cinza,Gol 1.6 Msi Flex 8v 5p, 0.00, 1120.00,1, 160.00, 1120.00
848,29623,12/27/21 0:00,1/3/22 0:00,Sim,RTH7F00,Prata,Frontier Sccd 4x4 2.3 Tb Diesel Mec., 0.00, 2100.00,1, 300.00, 2100.00
2270,29620,12/27/21 0:00,2/1/22 0:00,Sim,RMR4D64,Preto,Corolla Gli 2.0, 0.00, 5688.00,1, 158.00, 5688.00
1908,29624,12/27/21 0:00,1/4/22 0:00,Sim,RFQ7H10,Cinza Moscou,Ka Se 1.0 Ha, 258.06, 1286.63,1, 128.57, 1286.63
2272,29635,12/28/21 0:00,1/31/22 0:00,Sim,RTI9F96,Cinza,Gol 1.6 Msi Flex 8v 5p, 0.00, 2720.00,30, 2400.00, 90.67
2273,29636,12/29/21 0:00,1/15/22 0:00,Sim,QWU1054,Prata,Etios Hb Xls 1.5, 0.00, 2040.00,1, 120.00, 2040.00
2275,29789,12/30/21 0:00,1/3/22 0:00,Sim,RFP7J81,Branca,Ka Se 1.0 Ha, 0.00, 480.00,1, 120.00, 480.00
2274,29753,12/30/21 0:00,1/3/22 0:00,Sim,QXU1H58,Branca,Hilux Cd Srd D4-d 4x4 3.0 Tdi Dies, 0.00, 2000.00,1, 500.00, 2000.00
2116,29775,12/30/21 0:00,1/3/22 0:00,Sim,RFI4A56,Branco,Ka Se 1.0 Ha, 0.00, 480.00,1, 120.00, 480.00
841,29898,1/3/22 0:00,1/5/22 0:00,Sim,RTI3A45,Cinza,Gol 1.6 Msi Flex 8v 5p, 0.00, 350.00,1, 160.00, 350.00
2241,29922,1/7/22 0:00,1/10/22 0:00,Sim,RME6J17,Prata,Gol 1.6 Msi Flex 8v 5p, 0.00, 420.00,1, 140.00, 420.00
2002,29600,1/10/22 0:00,3/16/22 0:00,Sim,QXD1031,Cinza,Etios Platinum Sed. 1.5 Flex 16v 4p Aut., 0.00, 6033.33,1, 60.00, 6033.33
916,29937,1/12/22 0:00,1/21/22 0:00,Sim,RMV8D75,Prata,Hilux Cd 4x4 2.8 Diesel Mec, 0.00, 4320.00,30, 14400.00, 144.00
1723,29948,1/13/22 0:00,1/14/22 0:00,Sim,RFI4A41,Cinza,Ka Se 1.0 Ha, 0.00, 100.00,1, 100.00, 100.00
2280,29971,1/15/22 0:00,1/17/22 0:00,Sim,RTI3A45,Cinza,Gol 1.6 Msi Flex 8v 5p, 0.00, 280.00,1, 140.00, 280.00
1961,29972,1/17/22 0:00,2/16/22 0:00,Sim,RFI4A41,Cinza,Ka Se 1.0 Ha, 0.00, 2300.00,30, 2300.00, 76.67
2281,29975,1/17/22 0:00,1/27/22 0:00,Sim,QNX9112,Prata,Hilux Cd 4x4 2.8 Diesel Mec, 0.00, 3850.00,1, 350.00, 3850.00
1983,29974,1/17/22 0:00,1/20/22 0:00,Sim,RTI3A46,Cinza,Gol 1.6 Msi Flex 8v 5p, 0.00, 420.00,1, 140.00, 420.00
2282,30400,1/18/22 0:00,2/9/22 0:00,Sim,QWU1035,Cinza,Etios Hb Xls 1.5, 0.00, 1615.00,1, 73.35, 1615.00
2282,29977,1/18/22 0:00,2/3/22 0:00,Sim,RFI4A48,Branco,Ka Se 1.0 Ha, 0.00, 0.00,1, 73.35, 0.00
2283,29978,1/18/22 0:00,1/24/22 0:00,Sim,QQH9652,Cinza,Hr-v Ex 1.8 Flexone 16v 5p Aut., 0.00, 1690.00,1, 275.00, 1690.00
2116,29985,1/19/22 0:00,1/25/22 0:00,Sim,QWU1064,Prata,Etios Hb Xls 1.5, 0.00, 770.00,1, 110.00, 770.00
2113,30039,1/21/22 0:00,1/31/22 0:00,Sim,RTI9F68,Cinza,Gol 1.6 Msi Flex 8v 5p, 0.00, 1630.00,1, 160.00, 1630.00
2288,30080,1/26/22 0:00,2/1/22 0:00,Sim,RMF0A21,Cinza,Gol 1.6 Msi Flex 8v 5p, 0.00, 1643.95,1, 190.00, 1643.95
823,30427,2/4/22 0:00,2/14/22 0:00,Sim,RTI9F68,Cinza,Gol 1.6 Msi Flex 8v 5p, 0.00, 1080.00,1, 108.00, 1080.00
2284,30000,2/10/22 0:00,2/21/22 0:00,Sim,RTI3A45,Cinza,Gol 1.6 Msi Flex 8v 5p, 0.00, 1150.00,1, 100.00, 1150.00
816,30560,2/21/22 0:00,3/22/22 0:00,Sim,RMR4D64,Preto,Corolla Gli 2.0, 0.00,3737.12,30, 3865.99, 124.57
2297,30644,2/25/22 0:00,3/2/22 0:00,Sim,QXS3A06,Cinza,Spin Primier 1.8 8v Econo.Flex 5p Mec, 0.00, 1150.00,1, 230.00, 1150.00
1404,30639,2/25/22 0:00,2/25/22 0:00,Sim,QXV1F13,Prata,Gol 1.0 Flex 12v 5p, 0.00, 0.00,1, 150.00, 0.00
1404,30885,2/25/22 0:00,3/3/22 0:00,Sim,RFT6C13,Prata,Gol 1.6 Msi Flex 8v 5p, 0.00, 900.00,1, 150.00, 900.00
823,30888,3/3/22 0:00,3/7/22 0:00,Sim,RFT6C13,Prata,Gol 1.6 Msi Flex 8v 5p, 53.13, 553.13,1, 110.00, 553.13
823,30887,3/3/22 0:00,3/3/22 0:00,Sim,RME6J15,Prata,Gol 1.6 Msi Flex 8v 5p, 0.00, 0.00,1, 110.00, 0.00
1983,30918,3/7/22 0:00,3/12/22 0:00,Sim,RTC9D83,Cinza,Gol G7 1.6 Completo Trend Line, 0.00, 760.00,1, 140.00, 760.00
2300,31000,3/18/22 0:00,3/30/22 0:00,Sim,RFT6C18,Branco,Hilux Cd 4x4 2.8 Diesel Mec, 0.00, 5499.60,1, 458.30, 5499.60
696,31024,3/21/22 0:00,3/26/22 0:00,Sim,RTH7F00,Prata,Frontier Sccd 4x4 2.3 Tb Diesel Mec., 75.90, 2325.90,1, 450.00, 2325.90
235,31071,3/22/22 0:00,4/16/22 0:00,Sim,QQU9615,Preta,Corolla Gli 1.8 Cvt, 0.00, 3500.00,1, 140.00, 3500.00
1305,31072,3/23/22 0:00,3/23/22 0:00,Sim,RFP7J90,Branca,Ka Se 1.0 Ha, 0.00, 0.00,1, 120.00, 0.00
1305,31073,3/23/22 0:00,3/30/22 0:00,Sim,RME6J07,Cinza,Gol 1.6 Msi Flex 8v 5p, 0.00, 910.00,1, 130.00, 910.00
1305,31466,3/30/22 0:00,4/4/22 0:00,Sim,RME6J07,Cinza,Gol 1.6 Msi Flex 8v 5p, 0.00, 650.00,1, 130.00, 650.00
2304,31324,4/1/22 0:00,4/18/22 0:00,Sim,QXD1031,Cinza,Etios Platinum Sed. 1.5 Flex 16v 4p Aut., 0.00, 3550.00,1, 200.00, 3550.00
405,31477,4/13/22 0:00,4/14/22 0:00,Sim,RFF0F38,Prata Sirius,VOYAGE 1.6 L MB5, 0.00, 190.00,1, 190.00, 190.00
2116,31501,4/14/22 0:00,4/18/22 0:00,Sim,RFT2A86,Cinza Moscou,Ka Se 1.0 Ha, 0.00, 700.00,1, 160.00, 700.00
2306,31886,5/3/22 0:00,6/3/22 0:00,Sim,RMY4H27,Prata,Versa 16 Sv Cvt, 0.00, 3959.80,1, 125.80, 3959.80
2310,31945,5/6/22 0:00,5/9/22 0:00,Sim,RTJ8G45,Preta,Cruze Ltz 1.4 16v Turbo Flex 4p Aut., 0.00, 0.03,1, 0.01, 0.03
2309,31941,5/6/22 0:00,5/11/22 0:00,Sim,RFT6C13,Prata,Gol 1.6 Msi Flex 8v 5p, 0.00, 810.00,1, 162.00, 810.00
2308,31936,5/6/22 0:00,5/9/22 0:00,Sim,RFT6C18,Branco,Hilux Cd 4x4 2.8 Diesel Mec, 0.00, 1500.00,1, 500.00, 1500.00
1305,32042,5/20/22 0:00,5/25/22 0:00,Sim,RNZ4D02,Cinza,Gol (novo) 1.0 Mi Total Flex 8v 4p, 0.00, 700.00,1, 140.00, 700.00
2314,32075,5/23/22 0:00,6/30/22 0:00,Sim,RUF2F60,Prata Sirius,Voyage 1.0  Flex 12v 4p, 0.00, 2850.00,1, 75.00, 2850.00
2280,32106,5/27/22 0:00,5/30/22 0:00,Sim,RUG0I75,Prata Sirius,Gol 1.0 Flex 12v 5p, 0.00, 540.00,1, 180.00, 540.00
2316,32110,5/28/22 0:00,5/31/22 0:00,Sim,RUG0I84,Prata Sirius,Gol 1.0 Flex 12v 5p, 0.00, 0.03,1, 0.01, 0.03
2323,32498,6/10/22 0:00,6/13/22 0:00,Sim,RUG0I79,Prata Sirius,Gol 1.0 Flex 12v 5p, 0.00, 842.25,1, 190.00, 842.25
2265,32504,6/10/22 0:00,6/13/22 0:00,Sim,RUG0I84,Prata Sirius,Gol 1.0 Flex 12v 5p, 0.00, 570.00,1, 190.00, 570.00
1148,32545,6/14/22 0:00,6/20/22 0:00,Sim,RUF0B07,Prata Sirius,Voyage 1.0  Flex 12v 4p, 0.00, 840.00,1, 140.00, 840.00
2325,32552,6/15/22 0:00,6/20/22 0:00,Sim,RFT6C18,Branco,Hilux Cd 4x4 2.8 Diesel Mec, 0.00, 2500.00,1, 500.00, 2500.00
2326,32566,6/17/22 0:00,6/20/22 0:00,Sim,RUG0I75,Prata Sirius,Gol 1.0 Flex 12v 5p, 0.00, 570.00,1, 190.00, 570.00
2326,32565,6/17/22 0:00,6/17/22 0:00,Sim,RUG0I84,Prata Sirius,Gol 1.0 Flex 12v 5p, 0.00, 0.00,20, 1300.00, 0.00
1305,32585,6/20/22 0:00,7/6/22 0:00,Sim,RUG7I36,Prata Sirius,Gol 1.0 Flex 12v 5p, 0.00, 0.00,1, 70.00, 0.00
1305,32982,6/20/22 0:00,7/12/22 0:00,Sim,RUG7I36,Prata Sirius,Gol 1.0 Flex 12v 5p, 0.00, 1540.00,1, 70.00, 1540.00
1305,32977,6/20/22 0:00,7/6/22 0:00,Sim,RUG7I37,Prata Sirius,Gol 1.0 Flex 12v 5p, 0.00, 0.00,1, 70.00, 0.00
2280,32605,6/24/22 0:00,6/27/22 0:00,Sim,RUF0B13,Prata Sirius,Voyage 1.0  Flex 12v 4p, 0.00, 540.00,1, 180.00, 540.00
2265,32606,6/24/22 0:00,6/27/22 0:00,Sim,RFJ4G55,Branco,Gol 1.0 Flex 12v 5p, 0.00, 600.00,1, 180.00, 600.00
1087,32609,6/26/22 0:00,8/29/22 0:00,Sim,RTJ8G45,Preta,Cruze Ltz 1.4 16v Turbo Flex 4p Aut., 0.00, 8640.00,1, 135.00, 8640.00
1541,32646,6/28/22 0:00,6/30/22 0:00,Sim,RUG0I80,Prata Sirius,Gol 1.0 Flex 12v 5p, 0.00, 440.00,1, 190.00, 440.00
269,32651,6/29/22 0:00,7/14/22 0:00,Sim,RUF0B07,Prata Sirius,Voyage 1.0  Flex 12v 4p, 0.00, 1200.00,1, 80.00, 1200.00
1885,32652,6/29/22 0:00,8/19/22 0:00,Sim,RUF0B11,Prata Sirius,Voyage 1.0  Flex 12v 4p, 0.00, 3162.00,1, 62.00, 3162.00
1908,32978,7/6/22 0:00,7/11/22 0:00,Sim,RUG0I80,Prata Sirius,Gol 1.0 Flex 12v 5p, 0.00, 805.00,1, 140.00, 805.00
2331,32994,7/8/22 0:00,7/11/22 0:00,Sim,QQK1136,Prata,Gol 1.6 Msi Flex 8v 5p, 212.52, 842.52,1, 190.00, 842.52
1242,33006,7/8/22 0:00,7/9/22 0:00,Sim,RUF2F63,Branco,Voyage 1.0  Flex 12v 4p, 0.00, 190.00,1, 190.00, 190.00
2330,32992,7/8/22 0:00,7/11/22 0:00,Sim,RUF8J23,Branco,Gol 1.0 Flex 12v 5p, 0.00, 570.00,1, 190.00, 570.00
2332,32995,7/9/22 0:00,7/21/22 0:00,Sim,RTP4D09,Branca,Saveiro Robust 1.6 Total Flex 8v, 0.00, 2040.00,1, 170.00, 2040.00
1242,33010,7/11/22 0:00,7/12/22 0:00,Sim,RUJ9E76,Prata,Gol 1.0 Flex 12v 5p, 0.00, 190.00,1, 190.00, 190.00
304,33021,7/12/22 0:00,7/15/22 0:00,Sim,QUT0329,Branca,Fiorino Furgão 1.4 Flex, 0.00, 903.05,1, 210.00, 903.05
1541,33042,7/14/22 0:00,7/19/22 0:00,Sim,RUJ9E77,Branco,Gol 1.0 Flex 12v 5p, 0.00, 950.00,1, 190.00, 950.00
2334,33058,7/15/22 0:00,7/18/22 0:00,Sim,RFX5E14,Branca,STRADA ENDURANCE CS 1.4 02, 0.00, 720.00,1, 240.00, 720.00
2336,33065,7/18/22 0:00,7/19/22 0:00,Sim,RUJ9E72,Prata,Gol 1.0 Flex 12v 5p, 0.00, 190.00,1, 190.00, 190.00
340,33071,7/19/22 0:00,7/21/22 0:00,Sim,RUG0I75,Prata Sirius,Gol 1.0 Flex 12v 5p, 0.00, 300.00,1, 150.00, 300.00
1305,33073,7/19/22 0:00,8/2/22 0:00,Sim,RUJ9E77,Branco,Gol 1.0 Flex 12v 5p, 0.00, 1710.00,1, 70.00, 1710.00
1268,33063,7/20/22 0:00,7/26/22 0:00,Sim,RUN3A37,Prata,Gol 1.0 Flex 12v 5p, 0.00, 900.00,1, 150.00, 900.00
1845,33094,7/21/22 0:00,8/15/22 0:00,Sim,RUG0I75,Prata Sirius,Gol 1.0 Flex 12v 5p, 0.00, 2325.00,30, 2790.00, 77.50
2337,33089,7/21/22 0:00,7/25/22 0:00,Sim,RUJ9E78,Prata,Gol 1.0 Flex 12v 5p, 0.00, 560.00,1, 140.00, 560.00
2338,33095,7/22/22 0:00,8/15/22 0:00,Sim,RUG0I79,Prata Sirius,Gol 1.0 Flex 12v 5p, 0.00, 2301.75,30, 2790.00, 76.73
2342,33400,7/22/22 0:00,8/15/22 0:00,Sim,RML0C55,Prata,Gol 1.6 Msi Flex 8v 5p, 0.00, 2292.00,1, 93.00, 2292.00
2116,33117,7/23/22 0:00,7/26/22 0:00,Sim,RUN3A36,Prata,Gol 1.0 Flex 12v 5p, 0.00, 570.00,1, 190.00, 570.00
2343,33159,7/26/22 0:00,8/15/22 0:00,Sim,RUL0F35,Branca,S10 Pick-up Ltz Dd4 A, 0.00, 5133.20,1, 256.66, 5133.20
360,33148,7/26/22 0:00,8/2/22 0:00,Sim,QPC0362,Prata,Doblo Essence 1.8 Flex 16v 5p, 0.00, 0.00,30, 0.01, 0.00
2341,33139,7/26/22 0:00,8/1/22 0:00,Sim,RTE1C31,Prata,Spin Econoflex 18 Premier 2022, 0.00, 1740.00,1, 280.00, 1740.00
521,33149,7/26/22 0:00,8/25/22 0:00,Sim,RUF0B07,Prata Sirius,Voyage 1.0  Flex 12v 4p, 0.00, 2790.00,30, 2790.00, 93.00
2344,33168,7/27/22 0:00,8/26/22 0:00,Sim,RUJ9E73,Branco,Gol 1.0 Flex 12v 5p, 0.00, 2300.00,30, 2300.00, 76.67
2346,33177,7/28/22 0:00,7/28/22 0:00,Sim,RUF8J21,Prata Sirius,Gol 1.0 Flex 12v 5p, 0.00, 0.00,30, 2790.00, 0.00
2346,33570,7/28/22 0:00,8/15/22 0:00,Sim,RUF8J21,Prata Sirius,Gol 1.0 Flex 12v 5p, 0.00, 1751.50,30, 2790.00, 58.38
1666,33181,7/28/22 0:00,8/7/22 0:00,Sim,RMO6H54,Branco,Gol 1.6 Msi Flex 8v 5p, 0.00, 2000.00,1, 200.00, 2000.00
2347,33178,7/28/22 0:00,8/8/22 0:00,Sim,RUG7I38,Prata Sirius,Gol 1.0 Flex 12v 5p, 0.00, 2090.00,1, 190.00, 2090.00
2348,33329,7/30/22 0:00,8/9/22 0:00,Sim,RUJ7H08,Branca,S10 Pick-up Ltz Dd4 A, 0.00, 4500.00,1, 450.00, 4500.00
2119,33330,7/30/22 0:00,8/1/22 0:00,Sim,RNZ4C99,Prata Sirius,Gol (novo) 1.0 Mi Total Flex 8v 4p, 0.00, 440.00,1, 190.00, 440.00
2349,33412,8/1/22 0:00,8/30/22 0:00,Sim,RUF0B15,Prata Sirius,Voyage 1.0  Flex 12v 4p, 0.00, 2850.00,30, 2945.00, 95.00
1541,33417,8/2/22 0:00,8/4/22 0:00,Sim,RUN3A37,Prata,Gol 1.0 Flex 12v 5p, 0.00, 440.00,1, 190.00, 440.00
2257,33415,8/2/22 0:00,8/3/22 0:00,Sim,RUF2F64,Branco,Voyage 1.0  Flex 12v 4p, 0.00, 190.00,1, 190.00, 190.00
2352,33420,8/3/22 0:00,8/15/22 0:00,Sim,RUJ9E76,Prata,Gol 1.0 Flex 12v 5p, 0.00, 1209.00,30, 2790.00, 40.30
2351,33419,8/3/22 0:00,8/31/22 0:00,Sim,RNZ4C99,Prata Sirius,Gol (novo) 1.0 Mi Total Flex 8v 4p, 0.00, 2426.76,30, 2600.00, 80.89
2354,33422,8/3/22 0:00,8/15/22 0:00,Sim,RTB7G42,Cinza,Gol (novo) 1.0 Mi Total Flex 8v 4p, 0.00, 1209.00,30, 2790.00, 40.30
2357,33548,8/4/22 0:00,8/15/22 0:00,Sim,RUJ9E78,Prata,Gol 1.0 Flex 12v 5p, 0.00, 1023.00,30, 2790.00, 34.10
2355,33515,8/4/22 0:00,8/15/22 0:00,Sim,RUG0I80,Prata Sirius,Gol 1.0 Flex 12v 5p, 0.00, 1116.00,30, 2790.00, 37.20
2356,33550,8/5/22 0:00,9/4/22 0:00,Sim,RMO0G77,Branca,Toro Endurance Atd4, 0.00, 6800.00,30, 6800.00, 226.67
2280,33554,8/6/22 0:00,8/8/22 0:00,Sim,RUF0B04,Prata Sirius,Voyage 1.0  Flex 12v 4p, 0.00, 380.00,1, 190.00, 380.00
1666,33567,8/7/22 0:00,8/18/22 0:00,Sim,RMO6H54,Branco,Gol 1.6 Msi Flex 8v 5p, 0.00, 2200.00,1, 200.00, 2200.00
1305,33556,8/8/22 0:00,8/12/22 0:00,Sim,RUJ9E77,Branco,Gol 1.0 Flex 12v 5p, 0.00, 760.00,1, 190.00, 760.00
2358,33564,8/9/22 0:00,8/15/22 0:00,Sim,RUF0B06,Branco,Voyage 1.0  Flex 12v 4p, 0.00, 651.00,30, 2790.00, 21.70
2304,33571,8/10/22 0:00,8/16/22 0:00,Sim,QQU2457,Preta,Corolla Gli 1.8 Cvt, 0.00, 2530.00,1, 380.00, 2530.00
1541,33576,8/12/22 0:00,8/15/22 0:00,Sim,RUF0B14,Prata Sirius,Voyage 1.0  Flex 12v 4p, 0.00, 372.00,30, 2790.00, 12.40
576,33592,8/12/22 0:00,8/15/22 0:00,Sim,RFT6C18,Branco,Hilux Cd 4x4 2.8 Diesel Mec, 0.00, 951.00,1, 317.00, 951.00
1845,34142,8/16/22 0:00,9/30/22 0:00,Sim,RUG0I75,Prata Sirius,Gol 1.0 Flex 12v 5p, 0.00, 5526.00,1, 122.80, 5526.00
1305,33598,8/17/22 0:00,8/31/22 0:00,Sim,RUJ9E77,Branco,Gol 1.0 Flex 12v 5p, 0.00, 1073.38,30, 2300.00, 35.78
1666,33600,8/18/22 0:00,8/22/22 0:00,Sim,RMO6H54,Branco,Gol 1.6 Msi Flex 8v 5p, 0.00, 800.00,1, 200.00, 800.00
2367,33605,8/18/22 0:00,8/18/22 0:00,Sim,RUJ7H08,Branca,S10 Pick-up Ltz Dd4 A, 0.00, 0.00,30, 4200.00, 0.00
2367,33606,8/18/22 0:00,9/17/22 0:00,Sim,RUT2C77,Cinza,T-cross Highline 1.4 Tsi Flex 16v 5p Aut, 0.00, 4200.00,30, 4200.00, 140.00
1418,33619,8/19/22 0:00,8/19/22 0:00,Sim,RNU9C02,Prata,L200 Triton. Outd. Glx 2.4 Cd 4x4 Die. Mec, 0.00, 0.01,1, 0.01, 0.01
1666,33642,8/23/22 0:00,8/30/22 0:00,Sim,RMO6H54,Branco,Gol 1.6 Msi Flex 8v 5p, 0.00, 1400.00,1, 200.00, 1400.00
2374,33716,8/27/22 0:00,10/15/22 0:00,Sim,QQU2457,Preta,Corolla Gli 1.8 Cvt, 0.00, 8134.00,1, 166.00, 8134.00
1810,34253,8/27/22 0:00,9/24/22 0:00,Sim,QXR2D26,Branca,Toro Volcano At, 0.00, 7000.00,1, 250.00, 7000.00
2344,34052,8/27/22 0:00,10/7/22 0:00,Sim,RUJ9E73,Branco,Gol 1.0 Flex 12v 5p, 0.00, 3748.72,1, 76.67, 3748.72
1666,33730,8/30/22 0:00,10/4/22 0:00,Sim,RMO6H54,Branco,Gol 1.6 Msi Flex 8v 5p, 0.00, 4080.89,1, 115.77, 4080.89
2378,34056,9/1/22 0:00,9/20/22 0:00,Sim,QQQ3845,Preta,Fusion Titgtdiawd  Aut., 0.00, 0.00,30, 5900.00, 0.00
2378,34217,9/1/22 0:00,10/4/22 0:00,Sim,RTJ8G45,Preta,Cruze Ltz 1.4 16v Turbo Flex 4p Aut., 0.00, 6539.18,30, 5900.00, 217.97
1305,34071,9/8/22 0:00,9/9/22 0:00,Sim,QQK1136,Prata,Gol 1.6 Msi Flex 8v 5p, 0.00, 190.00,1, 190.00, 190.00
2379,34076,9/8/22 0:00,9/8/22 0:00,Sim,RNU0A79,Prata Sirius,Gol (novo) 1.0 Mi Total Flex 8v 4p, 0.00, 0.00,30, 0.01, 0.00
1305,34118,9/10/22 0:00,9/20/22 0:00,Sim,QQK1136,Prata,Gol 1.6 Msi Flex 8v 5p, 0.00, 1500.00,1, 150.00, 1500.00
2367,34282,9/17/22 0:00,10/17/22 0:00,Sim,RUT2C77,Cinza,T-cross Highline 1.4 Tsi Flex 16v 5p Aut, 0.00, 4200.00,30, 4200.00, 140.00
2381,34157,9/17/22 0:00,10/15/22 0:00,Sim,RUF0B15,Prata Sirius,Voyage 1.0  Flex 12v 4p, 0.00,2000.04,1, 71.43,2000.04
537,34218,9/20/22 0:00,12/15/22 0:00,Sim,QXR2D27,Branca,Strada Hd Wk Cce, 0.00, 0.00,1, 0.00, 0.00
2385,34234,9/21/22 0:00,10/3/22 0:00,Sim,RMF0A27,Prata,Gol 1.6 Msi Flex 8v 5p, 0.00, 1200.00,1, 100.00, 1200.00
1845,34720,9/30/22 0:00,11/1/22 0:00,Sim,RUG0I75,Prata Sirius,Gol 1.0 Flex 12v 5p, 0.00, 3283.84,1, 102.62, 3283.84
2342,34743,10/1/22 0:00,11/16/22 0:00,Sim,RML0C55,Prata,Gol 1.6 Msi Flex 8v 5p, 212.52,4568.02,1, 93.00,4568.02
335,35067,10/3/22 0:00,10/31/22 0:00,Sim,RUL0F36,Preta,S10 Pick-up Ltz Dd4 A, 0.00, 7830.00,30, 8100.00, 261.00
2407,35073,10/4/22 0:00,11/3/22 0:00,Sim,RUF2F66,Branco,Voyage 1.0  Flex 12v 4p, 0.00, 2790.00,30, 2790.00, 93.00
1566,34581,10/4/22 0:00,12/4/22 0:00,Sim,RUJ9E78,Prata,Gol 1.0 Flex 12v 5p, 0.00, 4560.36,1, 74.76, 4560.36
2390,34588,10/6/22 0:00,10/8/22 0:00,Sim,QQZ9775,Branca,Frontier Sccd 4x4 2.3 Tb Diesel Mec., 0.00,1275.12,1, 500.00,1275.12
2280,34592,10/7/22 0:00,10/10/22 0:00,Sim,RUF0B07,Prata Sirius,Voyage 1.0  Flex 12v 4p, 0.00, 450.00,1, 150.00, 450.00
2391,34594,10/7/22 0:00,11/8/22 0:00,Sim,RVD7B29,Branca,Saveiro Robust 1.6 Total Flex 8v, 0.00, 4448.59,30, 3290.00, 148.29
2392,34595,10/8/22 0:00,11/3/22 0:00,Sim,RUL0F35,Branca,S10 Pick-up Ltz Dd4 A, 0.00, 7206.58,30, 8200.00, 240.22
2394,34624,10/11/22 0:00,10/17/22 0:00,Sim,RTI9F90,Branca,Spin Primier 1.8 8v Econo.Flex 5p Mec, 0.00, 1620.00,1, 260.00, 1620.00
2239,34621,10/11/22 0:00,10/19/22 0:00,Sim,QWU2947,Prata,Etios Hb Xls 1.5, 0.00, 1360.00,1, 170.00, 1360.00
2393,34622,10/11/22 0:00,10/17/22 0:00,Sim,RTI9F91,Branca,Spin Primier 1.8 8v Econo.Flex 5p Mec, 0.00, 1680.00,1, 280.00, 1680.00
2398,34659,10/17/22 0:00,10/28/22 0:00,Sim,QXV1F11,Branca,Strada Hd Wk Cce, 0.00,1600.06,1, 145.46,1600.06
2367,34669,10/17/22 0:00,11/1/22 0:00,Sim,RUT2C77,Cinza,T-cross Highline 1.4 Tsi Flex 16v 5p Aut, 0.00, 2092.50,1, 135.00, 2092.50
2397,34658,10/17/22 0:00,10/28/22 0:00,Sim,RTI9F91,Branca,Spin Primier 1.8 8v Econo.Flex 5p Mec, 0.00, 2640.00,30, 7200.00, 88.00
2399,34677,10/19/22 0:00,11/22/22 0:00,Sim,RTB7G42,Cinza,Gol (novo) 1.0 Mi Total Flex 8v 4p, 0.00, 3162.00,1, 93.00, 3162.00
2401,34681,10/20/22 0:00,11/1/22 0:00,Sim,RVD7B30,Branca,Saveiro Robust 1.6 Total Flex 8v, 0.00, 2520.00,1, 210.00, 2520.00
2401,34680,10/20/22 0:00,11/1/22 0:00,Sim,RVD7B33,Branca,Saveiro Robust 1.6 Total Flex 8v, 0.00, 2520.00,1, 210.00, 2520.00
2403,34690,10/21/22 0:00,10/22/22 0:00,Sim,RTI9F90,Branca,Spin Primier 1.8 8v Econo.Flex 5p Mec, 0.00, 0.00,1, 0.00, 0.00
2324,34709,10/24/22 0:00,10/27/22 0:00,Sim,RMR4D64,Preto,Corolla Gli 2.0, 0.00, 0.04,1, 0.01, 0.04
2407,35080,11/4/22 0:00,12/4/22 0:00,Sim,RUF2F66,Branco,Voyage 1.0  Flex 12v 4p, 0.00, 2790.00,30, 2790.00, 93.00
1404,35090,11/9/22 0:00,11/21/22 0:00,Sim,RTJ8G45,Preta,Cruze Ltz 1.4 16v Turbo Flex 4p Aut., 0.00, 0.12,1, 0.01, 0.12
1844,35098,11/11/22 0:00,11/14/22 0:00,Sim,RVD7B33,Branca,Saveiro Robust 1.6 Total Flex 8v, 0.00, 870.00,1, 290.00, 870.00
2408,35102,11/12/22 0:00,11/14/22 0:00,Sim,RTI9F89,Prata,Spin Primier 1.8 8v Econo.Flex 5p Mec, 0.00, 560.00,1, 280.00, 560.00
2410,35114,11/14/22 0:00,11/14/22 0:00,Sim,RVD7B33,Branca,Saveiro Robust 1.6 Total Flex 8v, 0.00, 290.00,1, 290.00, 290.00
2226,35118,11/16/22 0:00,11/19/22 0:00,Sim,QQU2457,Preta,Corolla Gli 1.8 Cvt, 0.00, 1050.00,30, 10500.00, 35.00
2414,35172,11/28/22 0:00,12/14/22 0:00,Sim,RUG0I79,Prata Sirius,Gol 1.0 Flex 12v 5p, 0.00, 960.00,1, 60.00, 960.00
2242,35178,11/30/22 0:00,1/31/23 0:00,Sim,RMO0G75,Prata,Toro Endurance Atd4, 0.00, 12500.01,30, 5978.55, 416.67
1566,35884,12/4/22 0:00,2/2/23 0:00,Sim,RUJ9E78,Prata,Gol 1.0 Flex 12v 5p, 0.00,4500.07,1, 74.69,4500.07
2416,35514,12/10/22 0:00,12/12/22 0:00,Sim,RVD7B33,Branca,Saveiro Robust 1.6 Total Flex 8v, 0.00, 480.00,1, 240.00, 480.00
1885,35531,12/14/22 0:00,1/19/23 0:00,Sim,RUL0F35,Branca,S10 Pick-up Ltz Dd4 A, 0.00, 8999.57,30, 7238.50, 299.99
2420,35550,12/19/22 0:00,12/20/22 0:00,Sim,RUF8J24,Prata Sirius,Gol 1.0 Flex 12v 5p, 0.00, 190.00,1, 190.00, 190.00
1425,35561,12/19/22 0:00,12/31/22 0:00,Sim,QQU2457,Preta,Corolla Gli 1.8 Cvt, 0.00, 1266.67,30, 3000.00, 42.22
2422,35597,12/22/22 0:00,1/23/23 0:00,Sim,RUF0B09,Branco,Voyage 1.0  Flex 12v 4p, 0.00, 2996.00,1, 83.00, 2996.00
2419,35607,12/23/22 0:00,1/2/23 0:00,Sim,RTE1C31,Prata,Spin Econoflex 18 Premier 2022, 0.00, 2489.97,1, 228.29, 2489.97
2280,35609,12/23/22 0:00,12/26/22 0:00,Sim,RUF2F64,Branco,Voyage 1.0  Flex 12v 4p, 0.00, 570.00,1, 190.00, 570.00
2410,35560,12/23/22 0:00,12/26/22 0:00,Sim,RUG0I79,Prata Sirius,Gol 1.0 Flex 12v 5p, 0.00, 630.00,1, 190.00, 630.00
2116,35610,12/23/22 0:00,12/27/22 0:00,Sim,RUG0I83,Branco,Gol 1.0 Flex 12v 5p, 0.00, 680.00,1, 170.00, 680.00
2424,35614,12/26/22 0:00,12/31/22 0:00,Sim,RUF0B13,Prata Sirius,Voyage 1.0  Flex 12v 4p, 0.00, 0.00,1, 170.00, 0.00
2424,35839,12/26/22 0:00,1/2/23 0:00,Sim,RUF0B15,Prata Sirius,Voyage 1.0  Flex 12v 4p, 0.00, 1280.00,1, 170.00, 1280.00
2421,35641,12/27/22 0:00,1/9/23 0:00,Sim,RFR5D77,Branca,Doblo Essence 1.8 Flex 16v 5p, 0.00, 3200.00,1, 240.00, 3200.00
2426,35640,12/27/22 0:00,1/5/23 0:00,Sim,RUF0B16,Branco,Voyage 1.0  Flex 12v 4p, 0.00, 1260.00,1, 140.00, 1260.00
2425,35639,12/27/22 0:00,1/30/23 0:00,Sim,RTJ8G45,Preta,Cruze Ltz 1.4 16v Turbo Flex 4p Aut., 0.00, 5553.32,30, 4900.00, 185.11
2427,35652,12/29/22 0:00,1/2/23 0:00,Sim,RUF2F64,Branco,Voyage 1.0  Flex 12v 4p, 0.00, 780.00,1, 170.00, 780.00
2427,35653,12/29/22 0:00,1/2/23 0:00,Sim,RUF8J24,Prata Sirius,Gol 1.0 Flex 12v 5p, 0.00, 780.00,1, 170.00, 780.00
2429,35887,1/4/23 0:00,1/5/23 0:00,Sim,RTE1C31,Prata,Spin Econoflex 18 Premier 2022, 0.00, 280.00,1, 280.00, 280.00
1808,35897,1/5/23 0:00,1/31/23 0:00,Sim,RFT6C18,Branco,Hilux Cd 4x4 2.8 Diesel Mec, 0.00, 6500.00,30, 7289.80, 216.67
2433,35934,1/9/23 0:00,1/19/23 0:00,Sim,RMY0A60,Prata,VOYAGE 1.6 L MB5, 0.00,1200.01,1, 116.13,1200.01
1383,35939,1/10/23 0:00,1/19/23 0:00,Sim,RUF8J24,Prata Sirius,Gol 1.0 Flex 12v 5p, 0.00, 1199.97,1, 133.33, 1199.97
1541,35971,1/13/23 0:00,1/13/23 0:00,Sim,RMY0E62,Prata,VOYAGE 1.6 L MB5, 0.00, 190.00,1, 190.00, 190.00
2432,35981,1/14/23 0:00,1/23/23 0:00,Sim,RTE1C31,Prata,Spin Econoflex 18 Premier 2022, 0.00, 2339.96,1, 250.71, 2339.96
2437,36008,1/19/23 0:00,1/23/23 0:00,Sim,RMO0G66,Branca,Spin Primier 1.8 8v Econo.Flex 5p Mec, 0.00, 1165.50,1, 280.00, 1165.50
2439,36014,1/20/23 0:00,1/23/23 0:00,Sim,QWZ0014,Branca,Amarok V6 High Ac4, 0.00, 0.00,1, 260.00, 0.00
2439,36466,1/20/23 0:00,2/27/23 0:00,Sim,RUL0F35,Branca,S10 Pick-up Ltz Dd4 A, 0.00,9620.08,1, 253.16,9620.08
2434,36015,1/20/23 0:00,1/25/23 0:00,Sim,RTI9F93,Branca,Spin Primier 1.8 8v Econo.Flex 5p Mec, 0.00, 1665.00,1, 333.00, 1665.00
2440,36028,1/23/23 0:00,1/25/23 0:00,Sim,RUJ9E77,Branco,Gol 1.0 Flex 12v 5p, 0.00, 453.15,1, 190.00, 453.15
1721,36041,1/26/23 0:00,1/31/23 0:00,Sim,RMR4D64,Preto,Corolla Gli 2.0, 0.00, 2090.00,1, 380.00, 2090.00
1105,36368,2/8/23 0:00,2/10/23 0:00,Sim,RUF8J24,Prata Sirius,Gol 1.0 Flex 12v 5p, 0.00, 300.00,1, 124.13, 300.00
1404,36380,2/9/23 0:00,2/14/23 0:00,Sim,RTB7G39,Prata Sirius,Gol G7 1.6 Completo Trend Line, 212.52, 1162.52,1, 190.00, 1162.52
2457,36394,2/11/23 0:00,2/16/23 0:00,Sim,RUG0I82,Prata Sirius,Gol 1.0 Flex 12v 5p, 0.00, 950.00,1, 190.00, 950.00
2463,36415,2/17/23 0:00,2/23/23 0:00,Sim,RUF8J24,Prata Sirius,Gol 1.0 Flex 12v 5p, 0.00, 1140.00,1, 190.00, 1140.00
2462,36416,2/17/23 0:00,2/22/23 0:00,Sim,RUF2F60,Prata Sirius,Voyage 1.0  Flex 12v 4p, 0.00, 1029.17,1, 190.00, 1029.17
2457,36438,2/23/23 0:00,2/24/23 0:00,Sim,RMF0A23,Cinza,Gol 1.6 Msi Flex 8v 5p, 0.00, 190.00,1, 190.00, 190.00
2451,36442,2/24/23 0:00,2/28/23 0:00,Sim,RMY0A62,Cinza,Voyage 1.6 Af5, 0.00, 840.00,1, 168.00, 840.00
2466,36566,2/28/23 0:00,3/30/23 0:00,Sim,QPY8529,Branca,Fiorino Hard Working, 0.00, 2290.00,30, 2290.00, 76.33
2465,36467,2/28/23 0:00,3/1/23 0:00,Sim,QUL7866,Branca,Strada Hd Wk Cce, 0.00, 240.00,1, 240.00, 240.00
1541,36787,3/6/23 0:00,3/8/23 0:00,Sim,RMY0E62,Prata,VOYAGE 1.6 L MB5, 0.00, 480.00,1, 190.00, 480.00
2472,36831,3/16/23 0:00,3/21/23 0:00,Sim,RTI9F89,Prata,Spin Primier 1.8 8v Econo.Flex 5p Mec, 0.00, 1561.20,1, 280.00, 1561.20
1242,36840,3/17/23 0:00,3/20/23 0:00,Sim,RMD5B18,Branca,Frontier Xe At 4x4 2.3 Diesel, 0.00, 1500.00,1, 500.00, 1500.00
2473,36841,3/18/23 0:00,3/27/23 0:00,Sim,RMU7D26,Branca,Toro Endurance 1.8 Mt5, 0.00, 2107.33,1, 218.00, 2107.33
1541,36866,3/22/23 0:00,3/22/23 0:00,Sim,RUF0B06,Branco,Voyage 1.0  Flex 12v 4p, 0.00, 190.00,1, 190.00, 190.00
2266,36869,3/22/23 13:20,4/14/23 0:00,Não,RNZ4C91,Prata Sirius,Gol 1.0 Flex 12v 5p, 0.00, 0.00,1, 120.00, 0.00
2477,36893,3/27/23 0:00,3/31/23 0:00,Sim,RGA5J84,Prata,STRADA ENDURANCE CS 1.4 02, 0.00, 959.98,1, 209.45, 959.98
1541,36909,3/28/23 0:00,3/29/23 0:00,Sim,RMY0E62,Prata,VOYAGE 1.6 L MB5, 0.00, 190.00,1, 190.00, 190.00
2466,37081,3/30/23 15:55,4/29/23 0:00,Não,QPY8529,Branca,Fiorino Hard Working, 0.00, 0.00,30, 2290.00, 0.00
2478,37156,4/3/23 0:00,4/4/23 0:00,Sim,RTP4D10,Branca,Saveiro Robust 1.6 Total Flex 8v, 0.00, 240.00,1, 240.00, 240.00
2479,37217,4/4/23 0:00,4/10/23 0:00,Sim,RTE1C31,Prata,Spin Econoflex 18 Premier 2022, 0.00, 1680.00,1, 280.00, 1680.00
2325,37220,4/5/23 0:00,4/10/23 0:00,Sim,RMD5B18,Branca,Frontier Xe At 4x4 2.3 Diesel, 0.00, 3072.80,1, 500.00, 3072.80
2480,37221,4/5/23 0:00,4/10/23 0:00,Sim,RTI9F89,Prata,Spin Primier 1.8 8v Econo.Flex 5p Mec, 0.00, 1800.00,1, 280.00, 1800.00
2283,37243,4/5/23 16:44,4/11/23 0:00,Sim,RNZ7J08,Preto,Corolla Cross Xre 2.0 16v. Flex Aut., 0.00, 1870.00,1, 300.00, 1870.00
2392,37245,4/5/23 17:17,4/16/23 0:00,Não,QWY6223,Branca,Toro Endurance Atd4, 0.00, 0.00,1, 363.63, 0.00
235,37244,4/6/23 0:00,4/19/23 0:00,Não,RUL0F35,Branca,S10 Pick-up Ltz Dd4 A, 0.00, 0.00,1, 270.00, 0.00
2280,37288,4/14/23 16:37,4/17/23 0:00,Sim,RUF2F65,Branco,Voyage 1.0  Flex 12v 4p, 0.00, 570.00,1, 190.00, 570.00
2487,37290,4/15/23 0:00,4/22/23 0:00,Não,RTI9F95,Branca,Spin Primier 1.8 8v Econo.Flex 5p Mec, 0.00, 0.00,1, 260.00, 0.00
1493,37294,4/18/23 0:00,5/18/23 0:00,Não,RTJ8G45,Preta,Cruze Ltz 1.4 16v Turbo Flex 4p Aut., 0.00, 0.00,1, 160.00, 0.00